{
    "map_path": "scenario6/map.yaml",
    "num_images": 20,
    "robot_paths": [
        {
            "initial_pos": [
                9.757383966244724,
                7.5158227848101244
            ],
            "subgoals": [
                [
				    9.757383966244724,
                    7.5158227848101244
                ]
			]
        }
    ]
}