{
    "map_path": "scenario6/map.yaml",
    "num_images": 20,
    "robot_paths": [
        {
            "initial_pos": [
                2.329113924050633,
                6.345991561181434
            ],
            "subgoals": [
                [
                    1.721123417721519,
                    7.386603375527427
                ],
                [
                    0.40466772151898756,
                    7.690400843881858
                ],
                [
                    0.40466772151898756,
                    12.314873417721518
                ],
                [
                    1.5861023206751055,
                    12.719936708860759
                ],
                [
                    2.092431434599156,
                    13.867616033755274
                ],
                [
                    5.434203586497891,
                    13.901371308016875
                ],
                [
                    5.771756329113923,
                    12.719936708860759
                ],
                [
                    7.256988396624473,
                    12.21360759493671
                ],
                [
                    7.223233122362868,
                    8.061708860759493
                ],
                [
                    6.109309071729958,
                    7.420358649789031
                ],
                [
                    5.704245780590717,
                    6.272679324894516
                ],
                [
                    2.3287183544303796,
                    6.272679324894515
                ]
            ]
        },
        {
            "initial_pos": [
                5.704641350210971,
                2.9029535864978904
            ],
            "subgoals": [
                [
                    5.73800105485232,
                    1.6144514767932499
                ],
                [
                    13.43420358649789,
                    1.6482067510548537
                ],
                [
                    13.366693037974681,
                    3.133438818565402
                ],
                [
                    12.792853375527425,
                    4.078586497890297
                ],
                [
                    12.860363924050628,
                    5.462552742616035
                ],
                [
                    10.126186708860757,
                    5.462552742616034
                ],
                [
                    9.653612869198312,
                    4.61867088607595
                ],
                [
                    9.113528481012658,
                    5.428797468354432
                ],
                [
                    6.5143723628691985,
                    5.395042194092828
                ],
                [
                    6.413106540084388,
                    3.943565400843883
                ],
                [
                    5.7717563291139244,
                    2.8971518987341787
                ]
            ]
        },
        {
            "initial_pos": [
                12.793248945147678,
                8.573839662447256
            ],
            "subgoals": [
                [
                    15.12320675105485,
                    7.076793248945147
                ],
                [
                    17.11476793248945,
                    7.076793248945146
                ],
                [
                    19.106329113924048,
                    8.427004219409282
                ],
                [
                    19.106329113924048,
                    11.971308016877634
                ],
                [
                    16.979746835443038,
                    13.085232067510546
                ],
                [
                    15.12320675105485,
                    13.051476793248941
                ],
                [
                    12.794092827004219,
                    11.971308016877634
                ],
                [
                    12.794092827004219,
                    8.663291139240503
                ]
            ]
        }
    ]
}