{
    "map_path": "scenario1/map.yaml",
    "num_images": 20,
    "robot_paths": [
        {
            "initial_pos": [
                10.042194092827005,
                -0.5063291139240504
            ],
            "subgoals": [
                [
                    8.713080168776369,
                    0.42194092827004137
                ],
                [
                    7.405063291139239,
                    1.1814345991561173
                ],
                [
                    7.573839662447256,
                    5.189873417721518
                ],
                [
                    8.628691983122362,
                    5.738396624472573
                ],
                [
                    9.177215189873419,
                    6.751054852320674
                ],
                [
                    10.864978902953586,
                    6.666666666666665
                ],
                [
                    11.371308016877636,
                    5.90717299578059
                ],
                [
                    12.468354430379746,
                    5.569620253164556
                ],
                [
                    12.426160337552743,
                    0.548523206751054
                ],
                [
                    11.624472573839661,
                    0.42194092827004137
                ],
                [
                    10.10548523206751,
                    -0.4641350210970472
                ]
            ]
        },
        {
            "initial_pos": [
                20.0,
                -0.21097046413502096
            ],
            "subgoals": [
                [
                    17.918248945147674,
                    0.8090717299578065
                ],
                [
                    16.947784810126578,
                    3.0453586497890295
                ],
                [
                    17.707278481012658,
                    5.3238396624472575
                ],
                [
                    19.985759493670884,
                    6.041139240506328
                ],
                [
                    22.1798523206751,
                    5.2816455696202524
                ],
                [
                    22.854957805907166,
                    3.04535864978903
                ],
                [
                    22.26424050632911,
                    0.9356540084388192
                ],
                [
                    19.985759493670884,
                    -0.2457805907172987
                ]
            ]
        },
        {
            "initial_pos": [
                22.658227848101266,
                11.89873417721519
            ],
            "subgoals": [
                [
                    17.158755274261605,
                    11.94831223628692
                ],
                [
                    17.200949367088604,
                    14.100210970464135
                ],
                [
                    22.93934599156118,
                    14.015822784810126
                ],
                [
                    22.85495780590717,
                    11.86392405063291
                ]
            ]
        },
        {
            "initial_pos": [
                12.405063291139244,
                12.10970464135021
            ],
            "subgoals": [
                [
                    11.04061181434599,
                    10.809071729957806
                ],
                [
                    9.985759493670884,
                    11.020042194092825
                ],
                [
                    9.268459915611812,
                    10.598101265822784
                ],
                [
                    7.749472573839661,
                    11.948312236286919
                ],
                [
                    8.087025316455694,
                    12.876582278481012
                ],
                [
                    7.622890295358648,
                    13.847046413502108
                ],
                [
                    8.888713080168774,
                    15.239451476793247
                ],
                [
                    10.070147679324892,
                    14.901898734177214
                ],
                [
                    11.25158227848101,
                    15.323839662447256
                ],
                [
                    12.34862869198312,
                    14.184599156118143
                ],
                [
                    11.884493670886075,
                    13.003164556962025
                ],
                [
                    12.390822784810124,
                    12.243670886075948
                ]
            ]
        }
    ]
}