{
    "map_path": "/home/m-yordanova/catkin_ws_ma/src/arena-rosnav/simulator_setup/maps/scenario1/map.yaml",
    "num_images": 20,
    "robot_paths": [
        {
            "initial_pos": [
                8.649789029535865,
                0.6329113924050632
            ],
            "subgoals": [
                [
                    9.135021097046412,
                    -0.3902953586497895
                ],
                [
                    10.90717299578059,
                    -0.1793248945147674
                ],
                [
                    11.20253164556962,
                    0.7489451476793247
                ],
                [
                    12.215189873417721,
                    0.7489451476793247
                ],
                [
                    12.257383966244724,
                    5.094936708860759
                ],
                [
                    11.075949367088606,
                    5.30590717299578
                ],
                [
                    11.033755274261603,
                    6.191983122362869
                ],
                [
                    9.261603375527427,
                    6.234177215189873
                ],
                [
                    9.008438818565397,
                    5.390295358649789
                ],
                [
                    7.91139240506329,
                    5.432489451476793
                ],
                [
                    7.827004219409281,
                    0.9177215189873416
                ],
                [
                    8.71308016877637,
                    0.6223628691983121
                ]
            ]
        },
        {
            "initial_pos": [
                20.042194092827003,
                -0.21097046413502107
            ],
            "subgoals": [
                [
                    21.62447257383966,
                    0.21097046413502107
                ],
                [
                    22.73206751054852,
                    1.2130801687763713
                ],
                [
                    22.995780590717295,
                    2.5843881856540083
                ],
                [
                    22.890295358649787,
                    3.90295358649789
                ],
                [
                    22.468354430379744,
                    5.221518987341772
                ],
                [
                    21.571729957805903,
                    5.90717299578059
                ],
                [
                    20.14767932489451,
                    6.223628691983122
                ],
                [
                    18.881856540084385,
                    6.065400843881856
                ],
                [
                    17.774261603375525,
                    5.590717299578058
                ],
                [
                    17.088607594936708,
                    4.5886075949367084
                ],
                [
                    16.82489451476793,
                    3.270042194092827
                ],
                [
                    16.930379746835442,
                    2.2679324894514767
                ],
                [
                    17.51054852320675,
                    1.1075949367088607
                ],
                [
                    18.5126582278481,
                    0.36919831223628685
                ],
                [
                    19.356540084388183,
                    0.0
                ],
                [
                    19.93670886075949,
                    -0.10548523206751054
                ]
            ]
        },
        {
            "initial_pos": [
                17.510548523206747,
                11.761603375527423
            ],
            "subgoals": [
                [
                    22.83755274261603,
                    11.867088607594935
                ],
                [
                    22.784810126582276,
                    14.187763713080168
                ],
                [
                    17.246835443037973,
                    14.187763713080168
                ],
                [
                    17.246835443037973,
                    11.867088607594935
                ]
            ]
        },
        {
            "initial_pos": [
                12.341772151898729,
                12.025316455696201
            ],
            "subgoals": [
                [
                    11.81434599156118,
                    13.027426160337551
                ],
                [
                    12.447257383966244,
                    13.92405063291139
                ],
                [
                    10.91772151898734,
                    15.295358649789028
                ],
                [
                    10.021097046413502,
                    14.71518987341772
                ],
                [
                    9.124472573839661,
                    15.295358649789028
                ],
                [
                    7.858649789029535,
                    14.029535864978902
                ],
                [
                    8.438818565400844,
                    13.185654008438817
                ],
                [
                    7.594936708860759,
                    12.025316455696201
                ],
                [
                    9.124472573839661,
                    10.81223628691983
                ],
                [
                    10.179324894514767,
                    11.181434599156116
                ],
                [
                    11.181434599156116,
                    10.654008438818565
                ],
                [
                    12.183544303797468,
                    11.814345991561181
                ]
            ]
        }
    ]
}