{
    "map_path": "scenario4/map.yaml",
    "num_images": 20,
    "robot_paths": [
        {
            "initial_pos": [
                -0.40506329113924044,
                6.143459915611812
            ],
            "subgoals": [
                [
                    -0.4472573839662388,
                    0.8434599156118097
                ],
                [
                    0.8354430379746889,
                    0.5734177215189828
                ],
                [
                    1.1729957805907225,
                    -0.5067510548523249
                ],
                [
                    6.135021097046417,
                    -0.5742616033755317
                ],
                [
                    6.3713080168776415,
                    0.5396624472573794
                ],
                [
                    7.620253164556965,
                    0.8097046413502063
                ],
                [
                    7.586497890295362,
                    6.075527426160331
                ],
                [
                    6.472573839662451,
                    6.210548523206745
                ],
                [
                    5.898734177215194,
                    7.527004219409276
                ],
                [
                    1.3755274261603427,
                    7.527004219409276
                ],
                [
                    0.7679324894514821,
                    6.413080168776364
                ],
                [
                    -0.3797468354430322,
                    6.143037974683538
                ]
            ]
        },
        {
            "initial_pos": [
                3.61181434599156,
                11.510548523206747
            ],
            "subgoals": [
                [
                    3.6371308016877686,
                    14.514345991561171
                ],
                [
                    12.109704641350213,
                    14.548101265822776
                ],
                [
                    12.109704641350213,
                    11.611392405063285
                ],
                [
                    3.6708860759493724,
                    11.64514767932489
                ]
            ]
        },
        {
            "initial_pos": [
                16.033755274261594,
                6.008438818565401
            ],
            "subgoals": [
                [
                    20.514767932489452,
                    5.974261603375521
                ],
                [
                    20.514767932489452,
                    10.092405063291132
                ],
                [
                    15.586497890295359,
                    9.991139240506321
                ],
                [
                    15.586497890295359,
                    9.991139240506321
                ],
                [
                    15.822784810126583,
                    6.986919831223623
                ],
                [
                    20.345991561181435,
                    7.054430379746829
                ],
                [
                    20.48101265822785,
                    5.197890295358643
                ],
                [
                    21.459915611814345,
                    4.117721518987336
                ],
                [
                    20.88607594936709,
                    3.1050632911392353
                ],
                [
                    21.392405063291136,
                    0.9784810126582231
                ],
                [
                    14.033755274261605,
                    0.9109704641350167
                ],
                [
                    14.033755274261605,
                    -0.7767932489451517
                ],
                [
                    22.000000000000004,
                    -0.8105485232067551
                ],
                [
                    22.10126582278481,
                    1.24852320675105
                ],
                [
                    14.573839662447257,
                    1.2822784810126535
                ],
                [
                    15.282700421940929,
                    3.003797468354425
                ],
                [
                    14.708860759493671,
                    4.083966244725733
                ],
                [
                    15.417721518987342,
                    5.1303797468354375
                ],
                [
                    16.025316455696203,
                    6.041772151898728
                ]
            ]
        }
    ]
}