{
    "map_path": "/home/m-yordanova/catkin_ws_ma/src/arena-rosnav/simulator_setup/maps/scenario1/map.yaml",
    "num_images": 20,
    "robot_paths": [
        {
            "initial_pos": [
                8.649789029535865,
                0.6329113924050632
            ],
            "subgoals": [
                [
                    9.135021097046412,
                    -0.3902953586497895
                ],
                [
                    10.90717299578059,
                    -0.1793248945147674
                ],
                [
                    11.20253164556962,
                    0.7489451476793247
                ],
                [
                    12.215189873417721,
                    0.7489451476793247
                ],
                [
                    12.257383966244724,
                    5.094936708860759
                ],
                [
                    11.075949367088606,
                    5.30590717299578
                ],
                [
                    11.033755274261603,
                    6.191983122362869
                ],
                [
                    9.261603375527427,
                    6.234177215189873
                ],
                [
                    9.008438818565397,
                    5.390295358649789
                ],
                [
                    7.91139240506329,
                    5.432489451476793
                ],
                [
                    7.827004219409281,
                    0.9177215189873416
                ],
                [
                    8.71308016877637,
                    0.6223628691983121
                ]
            ]
        }
    ]
}