{
    "map_path": "scenario6/map.yaml",
    "num_images": 20,
    "robot_paths": [
        {
            "initial_pos": [
                -1.0548523206751055,
                10.087025316455696
            ],
            "subgoals": [
                [
                    21.555247890295355,
                    9.951872362869198
                ]
            ]
        }
    ]
}