{
    "map_path": "scenario3/map.yaml",
    "num_images": 20,
    "robot_paths": [
        {
            "initial_pos": [
                4.590717299578058,
                0.4388185654008438
            ],
            "subgoals": [
                [
                    7.029535864978899,
                    2.3417721518987333
                ],
                [
                    5.915611814345989,
                    4.265822784810126
                ],
                [
                    3.080168776371305,
                    3.0843881856540074
                ],
                [
                    0.3459915611814321,
                    4.299578059071729
                ],
                [
                    -0.6329113924050657,
                    2.5780590717299567
                ],
                [
                    1.6624472573839637,
                    0.6540084388185649
                ],
                [
                    1.966244725738394,
                    -2.3164556962025324
                ],
                [
                    4.194092827004217,
                    -2.316455696202532
                ],
                [
                    4.599156118143457,
                    0.4514767932489446
                ]
            ]
        },
        {
            "initial_pos": [
                13.940928270042193,
                2.9704641350210963
            ],
            "subgoals": [
                [
                    13.848101265822782,
                    -0.32489451476793296
                ],
                [
                    15.53586497890295,
                    -1.708860759493671
                ],
                [
                    18.607594936708857,
                    -1.6413502109704647
                ],
                [
                    19.755274261603375,
                    -0.02109704641350263
                ],
                [
                    19.721518987341767,
                    2.780590717299577
                ],
                [
                    18.64135021097046,
                    4.198312236286919
                ],
                [
                    15.43459915611814,
                    4.265822784810125
                ],
                [
                    14.0168776371308,
                    3.1518987341772142
                ]
            ]
        },
        {
            "initial_pos": [
                7.9324894514767905,
                5.5358649789029535
            ],
            "subgoals": [
                [
                    10.033755274261601,
                    5.548523206751054
                ],
                [
                    11.552742616033752,
                    6.797468354430379
                ],
                [
                    11.552742616033752,
                    8.721518987341772
                ],
                [
                    6.725738396624469,
                    8.654008438818565
                ],
                [
                    6.691983122362866,
                    6.696202531645569
                ],
                [
                    7.974683544303794,
                    5.582278481012658
                ]
            ]
        },
        {
            "initial_pos": [
                3.578059071729955,
                9.417721518987342
            ],
            "subgoals": [
                [
                    1.3924050632911367,
                    9.261603375527425
                ],
                [
                    0.21097046413501858,
                    9.936708860759493
                ],
                [
                    0.21097046413501858,
                    13.784810126582277
                ],
                [
                    1.6624472573839637,
                    14.426160337552743
                ],
                [
                    2.7426160337552714,
                    14.493670886075948
                ],
                [
                    3.687763713080166,
                    15.303797468354428
                ],
                [
                    6.320675105485229,
                    15.20253164556962
                ],
                [
                    7.13080168776371,
                    14.864978902953585
                ],
                [
                    8.075949367088604,
                    15.168776371308013
                ],
                [
                    10.43881856540084,
                    15.168776371308018
                ],
                [
                    11.147679324894511,
                    14.966244725738395
                ],
                [
                    12.12658227848101,
                    15.20253164556962
                ],
                [
                    14.624472573839661,
                    15.202531645569618
                ],
                [
                    15.400843881856538,
                    14.459915611814344
                ],
                [
                    16.71729957805907,
                    14.392405063291138
                ],
                [
                    17.89873417721519,
                    13.784810126582276
                ],
                [
                    17.83122362869198,
                    10.037974683544302
                ],
                [
                    16.75105485232067,
                    9.295358649789028
                ],
                [
                    14.556962025316453,
                    9.329113924050633
                ],
                [
                    14.556962025316453,
                    11.624472573839661
                ],
                [
                    3.5189873417721484,
                    11.624472573839661
                ],
                [
                    3.5864978902953557,
                    9.329113924050633
                ]
            ]
        }
    ]
}