{
    "map_path": "scenario7/map.yaml",
    "num_images": 20,
    "robot_paths": [
        {
            "initial_pos": [
                2.40506329113924,
                3.3755274261603376
            ],
            "subgoals": [
                [
                    1.8928006329113876,
                    4.560917721518984
                ],
                [
                    0.7535601265822738,
                    4.982858649789026
                ],
                [
                    0.8379483122362825,
                    8.991297468354427
                ],
                [
                    1.724024261603371,
                    9.708597046413498
                ],
                [
                    2.525712025316451,
                    10.763449367088604
                ],
                [
                    5.774657172995775,
                    10.7212552742616
                ],
                [
                    6.238792194092822,
                    9.455432489451473
                ],
                [
                    7.42022679324894,
                    8.82252109704641
                ],
                [
                    7.335838607594932,
                    4.982858649789026
                ],
                [
                    6.280986286919827,
                    4.645305907172992
                ],
                [
                    5.859045358649784,
                    3.590453586497887
                ],
                [
                    2.441323839662443,
                    3.4216772151898702
                ]
            ]
        },
        {
            "initial_pos": [
                10.759493670886076,
                4.09282700421941
            ],
            "subgoals": [
                [
                    10.711366033755269,
                    5.868934599156115
                ],
                [
                    11.766218354430373,
                    6.5440400843881825
                ],
                [
                    11.302083333333329,
                    7.7254746835443004
                ],
                [
                    11.428665611814342,
                    10.046149789029533
                ],
                [
                    12.441323839662441,
                    10.51028481012658
                ],
                [
                    13.453982067510543,
                    11.269778481012656
                ],
                [
                    14.888581223628687,
                    11.185390295358646
                ],
                [
                    15.859045358649784,
                    10.383702531645566
                ],
                [
                    16.702927215189867,
                    9.582014767932485
                ],
                [
                    16.660733122362863,
                    7.387921940928267
                ],
                [
                    16.238792194092824,
                    6.5440400843881825
                ],
                [
                    17.293644514767927,
                    5.911128691983119
                ],
                [
                    17.167062236286913,
                    4.138976793248942
                ],
                [
                    15.690268987341767,
                    3.590453586497887
                ],
                [
                    15.394910337552737,
                    2.071466244725735
                ],
                [
                    13.074235232067505,
                    2.0714662447257357
                ],
                [
                    12.061577004219403,
                    3.2107067510548495
                ],
                [
                    10.880142405063285,
                    4.012394514767929
                ]
            ]
        }
    ]
}