{
    "map_path": "/home/m-yordanova/catkin_ws_ma/src/arena-rosnav/simulator_setup/maps/scenario2/map.yaml",
    "num_images": 20,
    "robot_paths": [
        {
            "initial_pos": [
                7.628691983122361,
                0.10126582278481022
            ],
            "subgoals": [
                [
                    6.21097046413502,
                    -0.9113924050632924
                ],
                [
                    4.523206751054851,
                    -1.2827004219409295
                ],
                [
                    3.071729957805906,
                    -0.4050632911392418
                ],
                [
                    2.025316455696202,
                    0.9789029535864964
                ],
                [
                    0.8438818565400836,
                    1.7890295358649773
                ],
                [
                    -0.2362869198312243,
                    3.645569620253163
                ],
                [
                    -8.881784197001252e-16,
                    5.434599156118142
                ],
                [
                    1.2827004219409275,
                    6.51476793248945
                ],
                [
                    7.797468354430379,
                    0.1350210970464123
                ]
            ]
        },
        {
            "initial_pos": [
                15.628691983122359,
                4.556962025316454
            ],
            "subgoals": [
                [
                    15.291139240506327,
                    2.9704641350210954
                ],
                [
                    15.763713080168776,
                    1.4514767932489436
                ],
                [
                    17.248945147679326,
                    0.4388185654008424
                ],
                [
                    18.86919831223629,
                    0.4388185654008424
                ],
                [
                    20.286919831223628,
                    1.485232067510547
                ],
                [
                    20.827004219409282,
                    2.9704641350210954
                ],
                [
                    20.18565400843882,
                    4.658227848101263
                ],
                [
                    18.93670886075949,
                    5.637130801687762
                ],
                [
                    17.08016877637131,
                    5.637130801687762
                ],
                [
                    15.729957805907171,
                    4.658227848101264
                ]
            ]
        },
        {
            "initial_pos": [
                9.890295358649785,
                6.008438818565399
            ],
            "subgoals": [
                [
                    8.168776371308015,
                    4.253164556962023
                ],
                [
                    6.278481012658227,
                    6.0084388185653985
                ],
                [
                    7.999999999999998,
                    7.763713080168774
                ],
                [
                    9.957805907172993,
                    6.075949367088606
                ]
            ]
        },
        {
            "initial_pos": [
                12.388185654008435,
                10.902953586497887
            ],
            "subgoals": [
                [
                    -0.06751054852320748,
                    10.936708860759492
                ],
                [
                    -0.3713080168776379,
                    11.848101265822782
                ],
                [
                    -1.1814345991561188,
                    12.286919831223626
                ],
                [
                    -1.2151898734177222,
                    13.907172995780588
                ],
                [
                    -0.3375527426160345,
                    14.312236286919829
                ],
                [
                    0.16877637130801615,
                    15.156118143459913
                ],
                [
                    12.253164556962023,
                    15.156118143459913
                ],
                [
                    12.72573839662447,
                    14.244725738396621
                ],
                [
                    13.502109704641349,
                    13.940928270042193
                ],
                [
                    13.434599156118141,
                    12.286919831223628
                ],
                [
                    12.691983122362867,
                    11.881856540084387
                ],
                [
                    12.455696202531643,
                    10.936708860759492
                ]
            ]
        }
    ]
}