{
    "map_path": "/home/m-yordanova/catkin_ws_ma/src/arena-rosnav/simulator_setup/maps/scenario5/map.yaml",
    "num_images": 20,
    "robot_paths": [
        {
            "initial_pos": [
                3.10548523206751,
                5.063291139240506
            ],
            "subgoals": [
                [
                    1.5147679324894527,
                    4.409282700421938
                ],
                [
                    1.4810126582278493,
                    1.7426160337552723
                ],
                [
                    3.438818565400845,
                    1.3037974683544284
                ],
                [
                    3.641350210970465,
                    -0.552742616033757
                ],
                [
                    6.375527426160338,
                    -0.552742616033757
                ],
                [
                    6.780590717299579,
                    1.2362869198312216
                ],
                [
                    8.805907172995783,
                    1.6075949367088587
                ],
                [
                    8.704641350210972,
                    4.308016877637129
                ],
                [
                    6.645569620253165,
                    4.848101265822782
                ],
                [
                    6.409282700421942,
                    6.569620253164555
                ],
                [
                    3.9113924050632924,
                    6.6371308016877615
                ],
                [
                    3.2025316455696213,
                    4.949367088607592
                ]
            ]
        },
        {
            "initial_pos": [
                4.219409282700421,
                9.755274261603375
            ],
            "subgoals": [
                [
                    3.7426160337552754,
                    11.63291139240506
                ],
                [
                    2.0886075949367107,
                    12.206751054852319
                ],
                [
                    2.08860759493671,
                    14.299578059071727
                ],
                [
                    3.540084388185655,
                    14.535864978902952
                ],
                [
                    4.046413502109706,
                    16.0548523206751
                ],
                [
                    14.375527426160339,
                    16.088607594936704
                ],
                [
                    14.443037974683545,
                    14.232067510548521
                ],
                [
                    16.535864978902964,
                    13.92827004219409
                ],
                [
                    16.468354430379748,
                    12.004219409282697
                ],
                [
                    14.40928270042194,
                    11.902953586497887
                ],
                [
                    14.409282700421942,
                    10.080168776371305
                ],
                [
                    4.181434599156119,
                    10.012658227848101
                ]
            ]
        },
        {
            "initial_pos": [
                13.70464135021097,
                5.367088607594936
            ],
            "subgoals": [
                [
                    16.097046413502113,
                    6.164556962025314
                ],
                [
                    18.32489451476794,
                    5.354430379746833
                ],
                [
                    19.135021097046412,
                    2.991561181434597
                ],
                [
                    18.324894514767927,
                    0.6624472573839644
                ],
                [
                    15.9957805907173,
                    -0.08016877637130992
                ],
                [
                    13.734177215189874,
                    0.7299578059071712
                ],
                [
                    12.957805907172995,
                    3.0928270042194073
                ],
                [
                    13.632911392405063,
                    5.354430379746833
                ]
            ]
        }
    ]
}