{
    "map_path": "scenario8/map.yaml",
    "num_images": 20,
    "robot_paths": [
        {
            "initial_pos": [
                9.03217299578059,
                0.06592827004219409
            ],
            "subgoals": [
                [
                    9.035469409282701,
                    6.401635021097044
                ]
            ]
        },
        {
            "initial_pos": [
                14.978902953586497,
                12.71097046413502
            ],
            "subgoals": [
                [
                    14.92616033755274,
                    2.109704641350211
                ]
            ]
        },
        {
            "initial_pos": [
                3.9556962025316484,
                0.19778481012658222
            ],
            "subgoals": [
                [
                    4.024920886075949,
                    11.544040084388184
                ]
            ]
        }
    ]
}