{
    "map_path": "scenario8/map.yaml",
    "num_images": 20,
    "robot_paths": [
        {
            "initial_pos": [
                8.987341772151897,
                0.04219409282700437
            ],
            "subgoals": [
                [
                    7.0,
                    1.0
                ],
                [
                    6.8725738396624525,
                    2.177637130801691
                ],
                [
                    6.999156118143464,
                    4.07637130801688
                ],
                [
                    7.7164556962025355,
                    4.456118143459919
                ],
                [
                    8.26497890295359,
                    5.384388185654011
                ],
                [
                    10.079324894514771,
                    5.553164556962027
                ],
                [
                    10.332489451476796,
                    4.456118143459919
                ],
                [
                    11.26075949367089,
                    3.949789029535868
                ],
                [
                    11.345147679324898,
                    2.2198312236286952
                ],
                [
                    10.416877637130805,
                    1.544725738396628
                ],
                [
                    9.108860759493675,
                    0.44767932489451845
                ]
            ]
        },
        {
            "initial_pos": [
                13.966244725738393,
                4.472573839662446
            ],
            "subgoals": [
                [
                    15.859915611814348,
                    4.4139240506329145
                ],
                [
                    16.535021097046418,
                    6.312658227848104
                ],
                [
                    16.535021097046418,
                    9.89915611814346
                ],
                [
                    15.859915611814348,
                    11.333755274261605
                ],
                [
                    14.17215189873418,
                    11.418143459915614
                ],
                [
                    13.497046413502112,
                    9.89915611814346
                ],
                [
                    13.708016877637133,
                    6.312658227848104
                ],
                [
                    13.750210970464138,
                    4.751476793248948
                ]
            ]
        },
        {
            "initial_pos": [
                7.805907172995779,
                8.101265822784809
            ],
            "subgoals": [
                [
                    6.956962025316461,
                    9.392827004219411
                ],
                [
                    5.395780590717305,
                    10.19451476793249
                ],
                [
                    2.821940928270048,
                    10.236708860759494
                ],
                [
                    1.513924050632917,
                    9.814767932489453
                ],
                [
                    0.5434599156118203,
                    8.506751054852323
                ],
                [
                    1.3873417721519046,
                    7.240928270042195
                ],
                [
                    2.6531645569620306,
                    7.536286919831226
                ],
                [
                    2.9485232067510605,
                    6.48143459915612
                ],
                [
                    5.0582278481012715,
                    6.439240506329116
                ],
                [
                    5.564556962025321,
                    7.367510548523208
                ],
                [
                    6.619409282700426,
                    7.1143459915611835
                ],
                [
                    7.927426160337557,
                    8.211392405063293
                ]
            ]
        }
    ]
}