{
    "map_path": "scenario6/map.yaml",
    "num_images": 20,
    "robot_paths": [
        {
            "initial_pos": [
                -1.4240506329113922,
                7.4367088607594924
            ],
            "subgoals": [
                [
                    1.4767932489451474,
                    7.3839662447257375
                ],
                [
                    5.9599156118143455,
                    7.4367088607594924
                ],
                [
                    8.069620253164556,
                    7.594936708860759
                ]
            ]
        },
        {
            "initial_pos": [
                16.16561181434597,
                13.972241365456883
            ],
            "subgoals": [
                [
                    16.03375527426158,
                    5.994920690351405
                ]
            ]
        },
        {
            "initial_pos": [
                14.055907172995758,
                4.346713939296553
            ],
            "subgoals": [
                [
                    5.8148734177215005,
                    4.1489291291699715
                ]
            ]
        }
    ]
}