{
    "map_path": "scenario7/map.yaml",
    "num_images": 20,
    "robot_paths": [
        {
            "initial_pos": [
                4.087552742616033,
                0.19778481012658228
            ],
            "subgoals": [
                [
                    4.061181434599159,
                    12.82304852320675
                ]
            ]
        },
        {
            "initial_pos": [
                14.108649789029535,
                0.26371308016877637
            ],
            "subgoals": [
                [
                    14.08227848101266,
                    12.888976793248945
                ]
            ]
        },
        {
            "initial_pos": [
				-1.147151898734175,
                7.021360759493671 
            ],
            "subgoals": [
                [
					22.02004219409283,
					3.296413502109705
				]
            ]
        },
        {
            "initial_pos": [
                1.2262658227848133,
                2.999736286919832
            ],
            "subgoals": [
                [
					20.83333333333334,
					12.592299578059071
				]
            ]
        }
    ]
}